Date,Entertainment,Tech,Pharma,continent,location,new_cases_smoothed_per_million,new_deaths_smoothed_per_million,population
2020-01-06,100.0,100.0,100.0,North AmericaNorth America,United StatesUnited States,0.0,0.0,676579712
2020-01-13,101.92201562359892,103.20873993201411,100.55952926241898,North AmericaNorth AmericaNorth AmericaNorth AmericaNorth AmericaNorth AmericaNorth America,United StatesUnited StatesUnited StatesUnited StatesUnited StatesUnited StatesUnited States,0.0,0.0,2368028992
2020-01-20,103.75248211344513,104.92654100798921,102.5718870607153,North AmericaNorth AmericaNorth AmericaNorth AmericaNorth AmericaNorth AmericaNorth America,United StatesUnited StatesUnited StatesUnited StatesUnited StatesUnited StatesUnited States,0.0,0.0,2368028992
2020-01-27,100.3477908452931,102.75497216475085,99.81347928919979,North AmericaNorth AmericaNorth AmericaNorth AmericaNorth AmericaNorth AmericaNorth America,United StatesUnited StatesUnited StatesUnited StatesUnited StatesUnited StatesUnited States,0.0,0.0,2368028992
2020-02-03,99.85355088229325,104.35391754138892,98.20356511107835,North AmericaNorth AmericaNorth AmericaNorth AmericaNorth AmericaNorth AmericaNorth America,United StatesUnited StatesUnited StatesUnited StatesUnited StatesUnited StatesUnited States,0.0,0.0,2368028992
2020-02-10,102.85554394712375,109.16162018099757,101.68839125928022,North AmericaNorth AmericaNorth AmericaNorth AmericaNorth AmericaNorth AmericaNorth America,United StatesUnited StatesUnited StatesUnited StatesUnited StatesUnited StatesUnited States,0.0,0.0,2368028992
2020-02-17,104.22842699784323,110.15558519534241,102.0221612703196,North AmericaNorth AmericaNorth AmericaNorth AmericaNorth AmericaNorth AmericaNorth America,United StatesUnited StatesUnited StatesUnited StatesUnited StatesUnited StatesUnited States,0.0,0.0,2368028992
2020-02-24,99.28608636044004,102.9926575669902,98.33119103228013,North AmericaNorth AmericaNorth AmericaNorth AmericaNorth AmericaNorth AmericaNorth America,United StatesUnited StatesUnited StatesUnited StatesUnited StatesUnited StatesUnited States,0.02,0.0,2368028992
2020-03-02,96.13763680382839,100.99397367982306,95.17030677060812,North AmericaNorth AmericaNorth AmericaNorth AmericaNorth AmericaNorth AmericaNorth America,United StatesUnited StatesUnited StatesUnited StatesUnited StatesUnited StatesUnited States,0.07,0.0,2368028992
2020-03-09,85.11805598161318,88.76405497240738,90.40932823782877,North AmericaNorth AmericaNorth AmericaNorth AmericaNorth AmericaNorth AmericaNorth America,United StatesUnited StatesUnited StatesUnited StatesUnited StatesUnited StatesUnited States,0.37,0.02,2368028992
2020-03-16,75.0137084043211,78.39240474299751,80.21988045516379,North AmericaNorth AmericaNorth AmericaNorth AmericaNorth AmericaNorth AmericaNorth America,United StatesUnited StatesUnited StatesUnited StatesUnited StatesUnited StatesUnited States,3.7,0.09,2368028992
2020-03-23,74.0135405703876,76.45592165853094,73.6057252276616,North AmericaNorth AmericaNorth AmericaNorth AmericaNorth AmericaNorth AmericaNorth America,United StatesUnited StatesUnited StatesUnited StatesUnited StatesUnited StatesUnited States,30.25,0.36,2368028992
2020-03-30,81.35616454922578,88.94517213279256,87.7606486825136,North AmericaNorth AmericaNorth AmericaNorth AmericaNorth AmericaNorth AmericaNorth America,United StatesUnited StatesUnited StatesUnited StatesUnited StatesUnited StatesUnited States,136.88,2.09,2368028992
2020-04-06,82.47588825150667,90.90003469657482,90.08858295701313,North AmericaNorth AmericaNorth AmericaNorth AmericaNorth AmericaNorth AmericaNorth America,United StatesUnited StatesUnited StatesUnited StatesUnited StatesUnited StatesUnited States,345.81,9.16,2368028992
2020-04-13,85.6148694965808,92.73540031563138,92.72229845318797,North AmericaNorth AmericaNorth AmericaNorth AmericaNorth AmericaNorth AmericaNorth America,United StatesUnited StatesUnited StatesUnited StatesUnited StatesUnited StatesUnited States,551.76,25.52,2368028992
2020-04-20,88.05627805097905,95.38531222237974,98.62099744287977,North AmericaNorth AmericaNorth AmericaNorth AmericaNorth AmericaNorth AmericaNorth America,United StatesUnited StatesUnited StatesUnited StatesUnited StatesUnited StatesUnited States,622.5,42.35,2368028992
2020-04-27,90.05713727812885,97.07948253923469,100.19926604618001,North AmericaNorth AmericaNorth AmericaNorth AmericaNorth AmericaNorth AmericaNorth America,United StatesUnited StatesUnited StatesUnited StatesUnited StatesUnited StatesUnited States,581.89,45.71,2368028992
2020-05-04,91.54401614509347,97.82882976875999,96.45092125519284,North AmericaNorth AmericaNorth AmericaNorth AmericaNorth AmericaNorth AmericaNorth America,United StatesUnited StatesUnited StatesUnited StatesUnited StatesUnited StatesUnited States,595.0999999999999,42.550000000000004,2368028992
2020-05-11,95.25202521579492,103.61733456128937,99.74549594967868,North AmericaNorth AmericaNorth AmericaNorth AmericaNorth AmericaNorth AmericaNorth America,United StatesUnited StatesUnited StatesUnited StatesUnited StatesUnited StatesUnited States,567.46,39.18,2368028992
2020-05-18,96.05973708180149,103.99746309459479,99.87372996554076,North AmericaNorth AmericaNorth AmericaNorth AmericaNorth AmericaNorth AmericaNorth America,United StatesUnited StatesUnited StatesUnited StatesUnited StatesUnited StatesUnited States,522.5500000000001,35.18,2368028992
2020-05-25,98.59291599218466,104.79024170098485,98.26591124874868,North AmericaNorth AmericaNorth AmericaNorth AmericaNorth AmericaNorth AmericaNorth America,United StatesUnited StatesUnited StatesUnited StatesUnited StatesUnited StatesUnited States,492.64,28.36,2368028992
2020-06-01,100.30006583573629,106.36499306241814,100.60369008274854,North AmericaNorth AmericaNorth AmericaNorth AmericaNorth AmericaNorth AmericaNorth America,United StatesUnited StatesUnited StatesUnited StatesUnited StatesUnited StatesUnited States,470.34999999999997,23.6,2368028992
2020-06-08,103.80617274919652,110.68733360115436,102.50744546171559,North AmericaNorth AmericaNorth AmericaNorth AmericaNorth AmericaNorth AmericaNorth America,United StatesUnited StatesUnited StatesUnited StatesUnited StatesUnited StatesUnited States,431.55,19.25,2368028992
2020-06-15,100.9425689387468,109.00400379755916,96.49037345065287,North AmericaNorth AmericaNorth AmericaNorth AmericaNorth AmericaNorth AmericaNorth America,United StatesUnited StatesUnited StatesUnited StatesUnited StatesUnited StatesUnited States,440.31,17.0,2368028992
2020-06-22,102.17657604617469,113.1268563620728,98.99918301660641,North AmericaNorth AmericaNorth AmericaNorth AmericaNorth AmericaNorth AmericaNorth America,United StatesUnited StatesUnited StatesUnited StatesUnited StatesUnited StatesUnited States,468.25,14.97,2368028992
2020-06-29,98.29551957138341,111.78737273445405,97.46376043437023,North AmericaNorth AmericaNorth AmericaNorth AmericaNorth AmericaNorth AmericaNorth America,United StatesUnited StatesUnited StatesUnited StatesUnited StatesUnited StatesUnited States,592.56,14.38,2368028992
2020-07-06,103.57448670542873,116.64437327968594,101.66383738299724,North AmericaNorth AmericaNorth AmericaNorth AmericaNorth AmericaNorth AmericaNorth America,United StatesUnited StatesUnited StatesUnited StatesUnited StatesUnited StatesUnited States,826.39,16.42,2368028992
2020-07-13,103.9975299800369,115.26129363111615,100.32656326756543,North AmericaNorth AmericaNorth AmericaNorth AmericaNorth AmericaNorth AmericaNorth America,United StatesUnited StatesUnited StatesUnited StatesUnited StatesUnited StatesUnited States,1043.7,13.92,2368028992
2020-07-20,106.86694456111869,119.31245669427257,104.87334456500605,North AmericaNorth AmericaNorth AmericaNorth AmericaNorth AmericaNorth AmericaNorth America,United StatesUnited StatesUnited StatesUnited StatesUnited StatesUnited StatesUnited States,1210.31,17.13,2368028992
2020-07-27,105.28510236395128,116.37211261932796,104.89314872894246,North AmericaNorth AmericaNorth AmericaNorth AmericaNorth AmericaNorth AmericaNorth America,United StatesUnited StatesUnited StatesUnited StatesUnited StatesUnited StatesUnited States,1366.57,20.41,2368028992
2020-08-03,107.01409421589403,123.22203450870725,105.61629654245594,North AmericaNorth AmericaNorth AmericaNorth AmericaNorth AmericaNorth AmericaNorth America,United StatesUnited StatesUnited StatesUnited StatesUnited StatesUnited StatesUnited States,1339.31,22.97,2368028992
2020-08-10,109.86510310725797,123.5160801813234,105.05165599789237,North AmericaNorth AmericaNorth AmericaNorth AmericaNorth AmericaNorth AmericaNorth America,United StatesUnited StatesUnited StatesUnited StatesUnited StatesUnited StatesUnited States,1216.38,23.57,2368028992
2020-08-17,110.17778598430326,124.8446539718566,106.41866922921044,North AmericaNorth AmericaNorth AmericaNorth AmericaNorth AmericaNorth AmericaNorth America,United StatesUnited StatesUnited StatesUnited StatesUnited StatesUnited StatesUnited States,1089.6,22.5,2368028992
2020-08-24,113.1023955123153,129.54920275867232,105.32902933793775,North AmericaNorth AmericaNorth AmericaNorth AmericaNorth AmericaNorth AmericaNorth America,United StatesUnited StatesUnited StatesUnited StatesUnited StatesUnited StatesUnited States,1022.68,21.080000000000002,2368028992
2020-08-31,116.358049362644,134.54778855262597,107.24085429739674,North AmericaNorth AmericaNorth AmericaNorth AmericaNorth AmericaNorth AmericaNorth America,United StatesUnited StatesUnited StatesUnited StatesUnited StatesUnited StatesUnited States,907.19,19.25,2368028992
2020-09-07,113.63581393263517,128.63443154982772,104.70493521408795,North AmericaNorth AmericaNorth AmericaNorth AmericaNorth AmericaNorth AmericaNorth America,United StatesUnited StatesUnited StatesUnited StatesUnited StatesUnited StatesUnited States,863.85,18.03,2368028992
2020-09-14,110.38013058600885,125.59607225067772,105.091280760756,North AmericaNorth AmericaNorth AmericaNorth AmericaNorth AmericaNorth AmericaNorth America,United StatesUnited StatesUnited StatesUnited StatesUnited StatesUnited StatesUnited States,822.98,16.11,2368028992
2020-09-21,106.77967976459595,122.72004335512065,102.61509465157737,North AmericaNorth AmericaNorth AmericaNorth AmericaNorth AmericaNorth AmericaNorth America,United StatesUnited StatesUnited StatesUnited StatesUnited StatesUnited StatesUnited States,748.76,14.72,2368028992
2020-09-28,109.30493154499248,126.73650117798512,103.38083374379723,North AmericaNorth AmericaNorth AmericaNorth AmericaNorth AmericaNorth AmericaNorth America,United StatesUnited StatesUnited StatesUnited StatesUnited StatesUnited StatesUnited States,842.61,14.8,2368028992
2020-10-05,110.65049365003705,128.19900859996721,105.71801270063222,North AmericaNorth AmericaNorth AmericaNorth AmericaNorth AmericaNorth AmericaNorth America,United StatesUnited StatesUnited StatesUnited StatesUnited StatesUnited StatesUnited States,886.98,13.92,2368028992
2020-10-12,114.13426449212093,134.74757115310825,108.50268358747581,North AmericaNorth AmericaNorth AmericaNorth AmericaNorth AmericaNorth AmericaNorth America,United StatesUnited StatesUnited StatesUnited StatesUnited StatesUnited StatesUnited States,903.57,13.66,2368028992
2020-10-19,110.02380056255339,129.77067505115232,105.62849130564334,North AmericaNorth AmericaNorth AmericaNorth AmericaNorth AmericaNorth AmericaNorth America,United StatesUnited StatesUnited StatesUnited StatesUnited StatesUnited StatesUnited States,1023.3299999999999,13.669999999999998,2368028992
2020-10-26,111.97765743943819,126.46363393415139,106.03626808033883,North AmericaNorth AmericaNorth AmericaNorth AmericaNorth AmericaNorth AmericaNorth America,United StatesUnited StatesUnited StatesUnited StatesUnited StatesUnited StatesUnited States,1186.6799999999998,14.829999999999998,2368028992
2020-11-02,109.06530362308924,121.30120994339364,102.92338220935252,North AmericaNorth AmericaNorth AmericaNorth AmericaNorth AmericaNorth AmericaNorth America,United StatesUnited StatesUnited StatesUnited StatesUnited StatesUnited StatesUnited States,1407.91,17.05,2368028992
2020-11-09,116.41989572468863,131.7352342850686,110.342556157131,North AmericaNorth AmericaNorth AmericaNorth AmericaNorth AmericaNorth AmericaNorth America,United StatesUnited StatesUnited StatesUnited StatesUnited StatesUnited StatesUnited States,1830.8600000000001,18.77,2368028992
2020-11-16,118.92670494499531,133.557896313047,111.31718398265518,North AmericaNorth AmericaNorth AmericaNorth AmericaNorth AmericaNorth AmericaNorth America,United StatesUnited StatesUnited StatesUnited StatesUnited StatesUnited StatesUnited States,2493.02,22.349999999999998,2368028992
2020-11-23,117.8023134536153,131.05857308689636,107.92585649722027,North AmericaNorth AmericaNorth AmericaNorth AmericaNorth AmericaNorth AmericaNorth America,United StatesUnited StatesUnited StatesUnited StatesUnited StatesUnited StatesUnited States,3084.91,27.31,2368028992
2020-11-30,120.54877271804843,134.7694081582358,109.13916969440285,North AmericaNorth AmericaNorth AmericaNorth AmericaNorth AmericaNorth AmericaNorth America,United StatesUnited StatesUnited StatesUnited StatesUnited StatesUnited StatesUnited States,3430.82,32.65,2368028992
2020-12-07,124.23524949148384,137.95638040894818,111.23763040959777,North AmericaNorth AmericaNorth AmericaNorth AmericaNorth AmericaNorth AmericaNorth America,United StatesUnited StatesUnited StatesUnited StatesUnited StatesUnited StatesUnited States,3502.63,37.38,2368028992
2020-12-14,123.00031325068078,136.15553805514088,110.23313198826081,North AmericaNorth AmericaNorth AmericaNorth AmericaNorth AmericaNorth AmericaNorth America,United StatesUnited StatesUnited StatesUnited StatesUnited StatesUnited StatesUnited States,3907.43,45.77,2368028992
2020-12-21,122.64282549754356,140.11554028736805,111.25686756635093,North AmericaNorth AmericaNorth AmericaNorth AmericaNorth AmericaNorth AmericaNorth America,United StatesUnited StatesUnited StatesUnited StatesUnited StatesUnited StatesUnited States,4341.04,52.83,2368028992
2020-12-28,124.52599449717073,142.78481087247155,111.59643091165388,North AmericaNorth AmericaNorth AmericaNorth AmericaNorth AmericaNorth AmericaNorth America,United StatesUnited StatesUnited StatesUnited StatesUnited StatesUnited StatesUnited States,4312.42,54.79,2368028992
2021-01-04,122.73517103133216,139.91859996374362,112.79475539720988,North AmericaNorth AmericaNorth AmericaNorth AmericaNorth AmericaNorth AmericaNorth America,United StatesUnited StatesUnited StatesUnited StatesUnited StatesUnited StatesUnited States,3999.83,54.79,2368028992
2021-01-11,122.38437893775573,141.86588889955704,117.77790213587498,North AmericaNorth AmericaNorth AmericaNorth AmericaNorth AmericaNorth AmericaNorth America,United StatesUnited StatesUnited StatesUnited StatesUnited StatesUnited StatesUnited States,4282.88,59.080000000000005,2368028992
2021-01-18,120.53819829534997,139.3934979797304,116.80924021201795,North AmericaNorth AmericaNorth AmericaNorth AmericaNorth AmericaNorth AmericaNorth America,United StatesUnited StatesUnited StatesUnited StatesUnited StatesUnited StatesUnited States,4816.8,64.45,2368028992
2021-01-25,127.83070069044933,146.52620042003306,118.19731488407004,North AmericaNorth AmericaNorth AmericaNorth AmericaNorth AmericaNorth AmericaNorth America,United StatesUnited StatesUnited StatesUnited StatesUnited StatesUnited StatesUnited States,4384.21,67.57,2368028992
2021-02-01,125.7813864203765,144.57892014969786,115.31127297385734,North AmericaNorth AmericaNorth AmericaNorth AmericaNorth AmericaNorth AmericaNorth America,United StatesUnited StatesUnited StatesUnited StatesUnited StatesUnited StatesUnited States,3541.36,65.67,2368028992
2021-02-08,132.3538546941588,149.58932565595072,115.65081166667406,North AmericaNorth AmericaNorth AmericaNorth AmericaNorth AmericaNorth AmericaNorth America,United StatesUnited StatesUnited StatesUnited StatesUnited StatesUnited StatesUnited States,2952.04,63.370000000000005,2368028992
2021-02-15,134.77237412160025,151.61311343353628,117.11880969907695,North AmericaNorth AmericaNorth AmericaNorth AmericaNorth AmericaNorth AmericaNorth America,United StatesUnited StatesUnited StatesUnited StatesUnited StatesUnited StatesUnited States,2353.83,58.650000000000006,2368028992
2021-02-22,133.27697082462208,145.55256461760456,113.98312027832986,North AmericaNorth AmericaNorth AmericaNorth AmericaNorth AmericaNorth AmericaNorth America,United StatesUnited StatesUnited StatesUnited StatesUnited StatesUnited StatesUnited States,1798.5500000000002,53.580000000000005,2368028992
2021-03-01,135.51088767337924,147.57642171901597,113.9232147367961,North AmericaNorth AmericaNorth AmericaNorth AmericaNorth AmericaNorth AmericaNorth America,United StatesUnited StatesUnited StatesUnited StatesUnited StatesUnited StatesUnited States,1379.89,41.38,2368028992
2021-03-08,133.64617598199072,137.65411119749632,112.58505313186006,North AmericaNorth AmericaNorth AmericaNorth AmericaNorth AmericaNorth AmericaNorth America,United StatesUnited StatesUnited StatesUnited StatesUnited StatesUnited StatesUnited States,1326.08,36.69,2368028992
2021-03-15,138.87092892100185,145.2899919619024,115.231398918479,North AmericaNorth AmericaNorth AmericaNorth AmericaNorth AmericaNorth AmericaNorth America,United StatesUnited StatesUnited StatesUnited StatesUnited StatesUnited StatesUnited States,1201.19,29.01,2368028992
2021-03-22,140.39240694508027,144.56620789314147,115.91193080079987,North AmericaNorth AmericaNorth AmericaNorth AmericaNorth AmericaNorth AmericaNorth America,United StatesUnited StatesUnited StatesUnited StatesUnited StatesUnited StatesUnited States,1120.62,23.14,2368028992
2021-03-29,135.06598026815675,144.6868486809929,117.81589983464755,North AmericaNorth AmericaNorth AmericaNorth AmericaNorth AmericaNorth AmericaNorth America,United StatesUnited StatesUnited StatesUnited StatesUnited StatesUnited StatesUnited States,1143.32,18.22,2368028992
2021-04-05,140.8362967280347,151.59333881222636,117.4451182242847,North AmericaNorth AmericaNorth AmericaNorth AmericaNorth AmericaNorth AmericaNorth America,United StatesUnited StatesUnited StatesUnited StatesUnited StatesUnited StatesUnited States,1250.22,17.28,2368028992
2021-04-12,141.68705844042455,154.6738816593767,118.31695339973398,North AmericaNorth AmericaNorth AmericaNorth AmericaNorth AmericaNorth AmericaNorth America,United StatesUnited StatesUnited StatesUnited StatesUnited StatesUnited StatesUnited States,1322.49,15.3,2368028992
2021-04-19,141.31716012006171,155.79207496955817,121.76415163645669,North AmericaNorth AmericaNorth AmericaNorth AmericaNorth AmericaNorth AmericaNorth America,United StatesUnited StatesUnited StatesUnited StatesUnited StatesUnited StatesUnited States,1344.46,14.329999999999998,2368028992
2021-04-26,141.68705844042455,157.2391925022123,123.51780624427755,North AmericaNorth AmericaNorth AmericaNorth AmericaNorth AmericaNorth AmericaNorth America,United StatesUnited StatesUnited StatesUnited StatesUnited StatesUnited StatesUnited States,1316.8700000000001,14.16,2368028992
2021-05-03,143.59194408917793,152.7225199487974,122.96665882717606,North AmericaNorth AmericaNorth AmericaNorth AmericaNorth AmericaNorth AmericaNorth America,United StatesUnited StatesUnited StatesUnited StatesUnited StatesUnited StatesUnited States,1132.4,13.66,2368028992
2021-05-10,142.00144472865765,148.56763111128518,124.48983734125237,North AmericaNorth AmericaNorth AmericaNorth AmericaNorth AmericaNorth AmericaNorth America,United StatesUnited StatesUnited StatesUnited StatesUnited StatesUnited StatesUnited States,952.2900000000001,13.12,2368028992
2021-05-17,141.44660462218783,147.97564030085152,123.4777295191664,North AmericaNorth AmericaNorth AmericaNorth AmericaNorth AmericaNorth AmericaNorth America,United StatesUnited StatesUnited StatesUnited StatesUnited StatesUnited StatesUnited States,806.5699999999999,12.620000000000001,2368028992
2021-05-24,144.73864215563663,151.955122528129,124.74035590630017,North AmericaNorth AmericaNorth AmericaNorth AmericaNorth AmericaNorth AmericaNorth America,United StatesUnited StatesUnited StatesUnited StatesUnited StatesUnited StatesUnited States,639.97,11.34,2368028992
2021-05-31,145.7188631183014,151.72489810264156,123.85851182144236,North AmericaNorth AmericaNorth AmericaNorth AmericaNorth AmericaNorth AmericaNorth America,United StatesUnited StatesUnited StatesUnited StatesUnited StatesUnited StatesUnited States,503.46,10.56,2368028992
2021-06-07,147.2169358302146,153.4679763785996,122.786284802942,North AmericaNorth AmericaNorth AmericaNorth AmericaNorth AmericaNorth AmericaNorth America,United StatesUnited StatesUnited StatesUnited StatesUnited StatesUnited StatesUnited States,392.07,9.64,2368028992
2021-06-14,148.58553454370406,157.21728617325897,124.92072993053422,North AmericaNorth AmericaNorth AmericaNorth AmericaNorth AmericaNorth AmericaNorth America,United StatesUnited StatesUnited StatesUnited StatesUnited StatesUnited StatesUnited States,290.6,7.800000000000001,2368028992
2021-06-21,146.7404083939384,157.4395730206921,125.48869856073854,North AmericaNorth AmericaNorth AmericaNorth AmericaNorth AmericaNorth AmericaNorth America,United StatesUnited StatesUnited StatesUnited StatesUnited StatesUnited StatesUnited States,275.69,6.98,2368028992
2021-06-28,151.11301329457126,161.17371822845737,126.64558221694548,North AmericaNorth AmericaNorth AmericaNorth AmericaNorth AmericaNorth AmericaNorth America,United StatesUnited StatesUnited StatesUnited StatesUnited StatesUnited StatesUnited States,241.92,5.46,2368028992
2021-07-05,152.18763715778397,164.58940711144604,129.05999741313246,North AmericaNorth AmericaNorth AmericaNorth AmericaNorth AmericaNorth AmericaNorth America,United StatesUnited StatesUnited StatesUnited StatesUnited StatesUnited StatesUnited States,264.48,5.84,2368028992
2021-07-12,152.33584130519938,166.1929191951088,129.73402103908916,North AmericaNorth AmericaNorth AmericaNorth AmericaNorth AmericaNorth AmericaNorth America,United StatesUnited StatesUnited StatesUnited StatesUnited StatesUnited StatesUnited States,442.63,4.859999999999999,2368028992
2021-07-19,147.53710339278214,162.79918863394283,128.0338623263828,North AmericaNorth AmericaNorth AmericaNorth AmericaNorth AmericaNorth AmericaNorth America,United StatesUnited StatesUnited StatesUnited StatesUnited StatesUnited StatesUnited States,785.4,4.7700000000000005,2368028992
2021-07-26,155.50406812936842,169.619595904487,131.41407154052894,North AmericaNorth AmericaNorth AmericaNorth AmericaNorth AmericaNorth AmericaNorth America,United StatesUnited StatesUnited StatesUnited StatesUnited StatesUnited StatesUnited States,765.8399999999999,5.79,2368028992
2021-08-02,152.3172881339934,167.87331140158562,133.1242473801392,North AmericaNorth AmericaNorth AmericaNorth AmericaNorth AmericaNorth AmericaNorth America,United StatesUnited StatesUnited StatesUnited StatesUnited StatesUnited StatesUnited States,1208.53,6.79,2368028992
2021-08-09,153.1696131501574,169.5317106243269,134.25096461069865,North AmericaNorth AmericaNorth AmericaNorth AmericaNorth AmericaNorth AmericaNorth America,United StatesUnited StatesUnited StatesUnited StatesUnited StatesUnited StatesUnited States,1765.82,9.82,2368028992
2021-08-16,154.3924411607855,170.99241562683815,136.02155547655804,North AmericaNorth AmericaNorth AmericaNorth AmericaNorth AmericaNorth AmericaNorth America,United StatesUnited StatesUnited StatesUnited StatesUnited StatesUnited StatesUnited States,2295.63,14.02,2368028992
2021-08-23,155.13356513490427,173.25493732952836,136.97721732267755,North AmericaNorth AmericaNorth AmericaNorth AmericaNorth AmericaNorth AmericaNorth America,United StatesUnited StatesUnited StatesUnited StatesUnited StatesUnited StatesUnited States,2707.21,18.54,2368028992
2021-08-30,158.0424457622079,175.39655828002043,136.20261977040647,North AmericaNorth AmericaNorth AmericaNorth AmericaNorth AmericaNorth AmericaNorth America,United StatesUnited StatesUnited StatesUnited StatesUnited StatesUnited StatesUnited States,3049.09,25.37,2368028992
2021-09-06,158.3574072282447,175.02314549233955,137.67136559489163,North AmericaNorth AmericaNorth AmericaNorth AmericaNorth AmericaNorth AmericaNorth America,United StatesUnited StatesUnited StatesUnited StatesUnited StatesUnited StatesUnited States,3247.09,31.1,2368028992
2021-09-13,156.5046267892454,172.07970784166855,133.1644884551585,North AmericaNorth AmericaNorth AmericaNorth AmericaNorth AmericaNorth AmericaNorth America,United StatesUnited StatesUnited StatesUnited StatesUnited StatesUnited StatesUnited States,3248.54,34.620000000000005,2368028992
2021-09-20,150.94464842772933,167.6514404971073,132.40206923108403,North AmericaNorth AmericaNorth AmericaNorth AmericaNorth AmericaNorth AmericaNorth America,United StatesUnited StatesUnited StatesUnited StatesUnited StatesUnited StatesUnited States,3006.5,36.66,2368028992
2021-09-27,153.00480258717926,170.74307515638588,131.34204519326644,North AmericaNorth AmericaNorth AmericaNorth AmericaNorth AmericaNorth AmericaNorth America,United StatesUnited StatesUnited StatesUnited StatesUnited StatesUnited StatesUnited States,2882.75,39.599999999999994,2368028992
2021-10-04,147.91947864704022,162.8984776834473,126.58707364963131,North AmericaNorth AmericaNorth AmericaNorth AmericaNorth AmericaNorth AmericaNorth America,United StatesUnited StatesUnited StatesUnited StatesUnited StatesUnited StatesUnited States,2414.68,38.86,2368028992
2021-10-11,148.03084191872236,166.26515462159418,127.15242089880006,North AmericaNorth AmericaNorth AmericaNorth AmericaNorth AmericaNorth AmericaNorth America,United StatesUnited StatesUnited StatesUnited StatesUnited StatesUnited StatesUnited States,2150.97,36.93,2368028992
2021-10-18,150.22088302476274,172.9875206714983,128.31339686772083,North AmericaNorth AmericaNorth AmericaNorth AmericaNorth AmericaNorth AmericaNorth America,United StatesUnited StatesUnited StatesUnited StatesUnited StatesUnited StatesUnited States,1913.3799999999999,33.21,2368028992
2021-10-25,149.83113369609845,174.85791215354118,133.08856701507204,North AmericaNorth AmericaNorth AmericaNorth AmericaNorth AmericaNorth AmericaNorth America,United StatesUnited StatesUnited StatesUnited StatesUnited StatesUnited StatesUnited States,1643.12,31.18,2368028992
2021-11-01,149.27431733768776,177.4544013870311,134.93605720297163,North AmericaNorth AmericaNorth AmericaNorth AmericaNorth AmericaNorth AmericaNorth America,United StatesUnited StatesUnited StatesUnited StatesUnited StatesUnited StatesUnited States,1503.73,30.659999999999997,2368028992
2021-11-08,150.96323109523294,184.81489325343995,134.92591681363658,North AmericaNorth AmericaNorth AmericaNorth AmericaNorth AmericaNorth AmericaNorth America,United StatesUnited StatesUnited StatesUnited StatesUnited StatesUnited StatesUnited States,1527.27,24.85,2368028992
2021-11-15,151.18598713489482,183.890720000721,134.24951833150658,North AmericaNorth AmericaNorth AmericaNorth AmericaNorth AmericaNorth AmericaNorth America,United StatesUnited StatesUnited StatesUnited StatesUnited StatesUnited StatesUnited States,1533.17,21.8,2368028992
2021-11-22,146.10064844660698,186.37717499170714,133.63371566052476,North AmericaNorth AmericaNorth AmericaNorth AmericaNorth AmericaNorth AmericaNorth America,United StatesUnited StatesUnited StatesUnited StatesUnited StatesUnited StatesUnited States,1731.54,24.349999999999998,2368028992
2021-11-29,144.46737945453089,187.19134866383524,133.59332667058806,North AmericaNorth AmericaNorth AmericaNorth AmericaNorth AmericaNorth AmericaNorth America,United StatesUnited StatesUnited StatesUnited StatesUnited StatesUnited StatesUnited States,1911.18,26.259999999999998,2368028992
2021-12-06,140.92252915414056,183.40659706323476,132.36169667613814,North AmericaNorth AmericaNorth AmericaNorth AmericaNorth AmericaNorth AmericaNorth America,United StatesUnited StatesUnited StatesUnited StatesUnited StatesUnited StatesUnited States,1867.23,18.84,2368028992
2021-12-13,141.60926195543934,189.54582842145143,137.14693325536572,North AmericaNorth AmericaNorth AmericaNorth AmericaNorth AmericaNorth AmericaNorth America,United StatesUnited StatesUnited StatesUnited StatesUnited StatesUnited StatesUnited States,2269.2,24.53,2368028992
2021-12-20,140.9520549480629,182.50796964032372,138.39350265646974,North AmericaNorth AmericaNorth AmericaNorth AmericaNorth AmericaNorth AmericaNorth America,United StatesUnited StatesUnited StatesUnited StatesUnited StatesUnited StatesUnited States,2498.41,25.53,2368028992
2021-12-27,146.68014745789108,194.72145860102438,142.6600920129396,North AmericaNorth AmericaNorth AmericaNorth AmericaNorth AmericaNorth AmericaNorth America,United StatesUnited StatesUnited StatesUnited StatesUnited StatesUnited StatesUnited States,3066.16,28.15,2368028992
2022-01-03,145.4713154404859,193.47586542997584,141.31219267594358,North AmericaNorth AmericaNorth AmericaNorth AmericaNorth AmericaNorth AmericaNorth America,United StatesUnited StatesUnited StatesUnited StatesUnited StatesUnited StatesUnited States,5233.18,30.659999999999997,2368028992
2022-01-10,141.2682110141535,182.9379160079459,137.5523598263742,North AmericaNorth AmericaNorth AmericaNorth AmericaNorth AmericaNorth AmericaNorth America,United StatesUnited StatesUnited StatesUnited StatesUnited StatesUnited StatesUnited States,9589.49,28.950000000000003,2368028992
2022-01-17,142.38410019774318,182.71741424902712,135.87013168865093,North AmericaNorth AmericaNorth AmericaNorth AmericaNorth AmericaNorth AmericaNorth America,United StatesUnited StatesUnited StatesUnited StatesUnited StatesUnited StatesUnited States,14521.21,36.54,2368028992
2022-01-24,135.2983668489931,170.9999199309812,130.7725398914206,North AmericaNorth AmericaNorth AmericaNorth AmericaNorth AmericaNorth AmericaNorth America,United StatesUnited StatesUnited StatesUnited StatesUnited StatesUnited StatesUnited States,16037.08,43.739999999999995,2368028992
2022-01-31,137.53010097172603,178.5397005418697,132.99195392154496,North AmericaNorth AmericaNorth AmericaNorth AmericaNorth AmericaNorth AmericaNorth America,United StatesUnited StatesUnited StatesUnited StatesUnited StatesUnited StatesUnited States,13716.66,49.5,2368028992
2022-02-07,130.05377764982939,174.75881374455764,133.84325357596637,North AmericaNorth AmericaNorth AmericaNorth AmericaNorth AmericaNorth AmericaNorth America,United StatesUnited StatesUnited StatesUnited StatesUnited StatesUnited StatesUnited States,9755.9,54.1,2368028992
2022-02-14,128.91932054688496,170.680285101166,130.65092095936302,North AmericaNorth AmericaNorth AmericaNorth AmericaNorth AmericaNorth AmericaNorth America,United StatesUnited StatesUnited StatesUnited StatesUnited StatesUnited StatesUnited States,5599.88,53.68,2368028992
2022-02-21,125.36718466098135,168.03481858474717,129.2219971176313,North AmericaNorth AmericaNorth AmericaNorth AmericaNorth AmericaNorth AmericaNorth America,United StatesUnited StatesUnited StatesUnited StatesUnited StatesUnited StatesUnited States,3148.37,49.56,2368028992
2022-02-28,127.30134538512725,169.8315361709193,131.70488870306392,North AmericaNorth AmericaNorth AmericaNorth AmericaNorth AmericaNorth AmericaNorth America,United StatesUnited StatesUnited StatesUnited StatesUnited StatesUnited StatesUnited States,1864.4299999999998,43.07,2368028992
2022-03-07,119.54609032474244,159.0289603748478,131.95826695651417,North AmericaNorth AmericaNorth AmericaNorth AmericaNorth AmericaNorth AmericaNorth America,United StatesUnited StatesUnited StatesUnited StatesUnited StatesUnited StatesUnited States,1236.6100000000001,35.4,2368028992
2022-03-14,118.31863876946164,155.8543970889539,131.59342659533223,North AmericaNorth AmericaNorth AmericaNorth AmericaNorth AmericaNorth AmericaNorth America,United StatesUnited StatesUnited StatesUnited StatesUnited StatesUnited StatesUnited States,891.44,27.45,2368028992
2022-03-21,125.70447482432006,170.60912419398053,138.72356657707954,North AmericaNorth AmericaNorth AmericaNorth AmericaNorth AmericaNorth AmericaNorth America,United StatesUnited StatesUnited StatesUnited StatesUnited StatesUnited StatesUnited States,664.72,20.72,2368028992
2022-03-28,129.39618719058384,176.8045078510966,139.53681922775593,North AmericaNorth AmericaNorth AmericaNorth AmericaNorth AmericaNorth AmericaNorth America,United StatesUnited StatesUnited StatesUnited StatesUnited StatesUnited StatesUnited States,598.39,10.98,2368028992
2022-04-04,132.75232017877116,178.31743102539298,139.19120780583177,North AmericaNorth AmericaNorth AmericaNorth AmericaNorth AmericaNorth AmericaNorth America,United StatesUnited StatesUnited StatesUnited StatesUnited StatesUnited StatesUnited States,567.28,13.93,2368028992
2022-04-11,125.29431405769948,164.0714888088815,142.31213038732835,North AmericaNorth AmericaNorth AmericaNorth AmericaNorth AmericaNorth AmericaNorth America,United StatesUnited StatesUnited StatesUnited StatesUnited StatesUnited StatesUnited States,575.02,11.6,2368028992
2022-04-18,123.54168092321052,162.47021241860082,139.3843846879135,North AmericaNorth AmericaNorth AmericaNorth AmericaNorth AmericaNorth AmericaNorth America,United StatesUnited StatesUnited StatesUnited StatesUnited StatesUnited StatesUnited States,628.22,9.87,2368028992
2022-04-25,115.89722133077855,160.38295867849376,136.80221754044118,North AmericaNorth AmericaNorth AmericaNorth AmericaNorth AmericaNorth AmericaNorth America,United StatesUnited StatesUnited StatesUnited StatesUnited StatesUnited StatesUnited States,770.13,8.59,2368028992
2022-05-02,113.15641798141498,158.5497940909064,131.62777572614308,North AmericaNorth AmericaNorth AmericaNorth AmericaNorth AmericaNorth AmericaNorth America,United StatesUnited StatesUnited StatesUnited StatesUnited StatesUnited StatesUnited States,945.63,6.98,2368028992
2022-05-09,107.8239666857016,149.2291710499544,128.5170346214586,North AmericaNorth AmericaNorth AmericaNorth AmericaNorth AmericaNorth AmericaNorth America,United StatesUnited StatesUnited StatesUnited StatesUnited StatesUnited StatesUnited States,1181.26,6.9,2368028992
2022-05-16,109.31556496028618,148.71014356617704,131.69893923638762,North AmericaNorth AmericaNorth AmericaNorth AmericaNorth AmericaNorth AmericaNorth America,United StatesUnited StatesUnited StatesUnited StatesUnited StatesUnited StatesUnited States,1479.98,7.140000000000001,2368028992
2022-05-23,109.80032186359966,148.05860358937971,133.09165679334595,North AmericaNorth AmericaNorth AmericaNorth AmericaNorth AmericaNorth AmericaNorth America,United StatesUnited StatesUnited StatesUnited StatesUnited StatesUnited StatesUnited States,1879.6599999999999,5.84,2368028992
2022-05-30,112.28011247528211,156.21961233423374,136.24308271780183,North AmericaNorth AmericaNorth AmericaNorth AmericaNorth AmericaNorth AmericaNorth America,United StatesUnited StatesUnited StatesUnited StatesUnited StatesUnited StatesUnited States,2155.81,6.550000000000001,2368028992
2022-06-06,111.72075206120127,154.6073134556506,131.99375831918692,North AmericaNorth AmericaNorth AmericaNorth AmericaNorth AmericaNorth AmericaNorth America,United StatesUnited StatesUnited StatesUnited StatesUnited StatesUnited StatesUnited States,2114.35,7.16,2368028992
2022-06-13,100.73886750735048,138.35143956123562,123.70857540020435,North AmericaNorth AmericaNorth AmericaNorth AmericaNorth AmericaNorth AmericaNorth America,United StatesUnited StatesUnited StatesUnited StatesUnited StatesUnited StatesUnited States,2032.92,6.069999999999999,2368028992
2022-06-20,100.38459485065434,137.62258618771298,121.87870352246229,North AmericaNorth AmericaNorth AmericaNorth AmericaNorth AmericaNorth AmericaNorth America,United StatesUnited StatesUnited StatesUnited StatesUnited StatesUnited StatesUnited States,2112.18,6.64,2368028992
2022-06-27,105.41226090301146,146.76035897263478,132.38760643916365,North AmericaNorth AmericaNorth AmericaNorth AmericaNorth AmericaNorth AmericaNorth America,United StatesUnited StatesUnited StatesUnited StatesUnited StatesUnited StatesUnited States,1999.61,6.7,2368028992
2022-07-04,102.45921694408918,141.0693321446608,132.38760643916365,North AmericaNorth AmericaNorth AmericaNorth AmericaNorth AmericaNorth AmericaNorth America,United StatesUnited StatesUnited StatesUnited StatesUnited StatesUnited StatesUnited States,2131.45,7.45,2368028992
2022-07-11,102.7769584361771,145.08849359673152,133.13286753282355,North AmericaNorth AmericaNorth AmericaNorth AmericaNorth AmericaNorth AmericaNorth America,United StatesUnited StatesUnited StatesUnited StatesUnited StatesUnited StatesUnited States,2240.45,7.5600000000000005,2368028992
2022-07-18,103.03861271833159,145.15493181828424,130.11106438095388,North AmericaNorth AmericaNorth AmericaNorth AmericaNorth AmericaNorth AmericaNorth America,United StatesUnited StatesUnited StatesUnited StatesUnited StatesUnited StatesUnited States,2298.56,7.47,2368028992
2022-07-25,104.29083378954273,150.9677952701047,133.23497813077947,North AmericaNorth AmericaNorth AmericaNorth AmericaNorth AmericaNorth AmericaNorth America,United StatesUnited StatesUnited StatesUnited StatesUnited StatesUnited StatesUnited States,2617.83,8.459999999999999,2368028992
2022-08-01,105.20665696041833,159.3382486236621,134.163957769305,North AmericaNorth AmericaNorth AmericaNorth AmericaNorth AmericaNorth AmericaNorth America,United StatesUnited StatesUnited StatesUnited StatesUnited StatesUnited StatesUnited States,2693.49,9.25,2368028992
2022-08-08,107.31863611479486,161.39766884770975,134.51107299288907,North AmericaNorth AmericaNorth AmericaNorth AmericaNorth AmericaNorth AmericaNorth America,United StatesUnited StatesUnited StatesUnited StatesUnited StatesUnited StatesUnited States,2641.8599999999997,9.22,2368028992
2022-08-15,111.71081918297617,167.80837230776592,137.09389753999415,North AmericaNorth AmericaNorth AmericaNorth AmericaNorth AmericaNorth AmericaNorth America,United StatesUnited StatesUnited StatesUnited StatesUnited StatesUnited StatesUnited States,2235.09,9.68,2368028992
2022-08-22,104.7394061097451,159.4157526609084,133.9189449261814,North AmericaNorth AmericaNorth AmericaNorth AmericaNorth AmericaNorth AmericaNorth America,United StatesUnited StatesUnited StatesUnited StatesUnited StatesUnited StatesUnited States,2006.8700000000001,9.9,2368028992
2022-08-29,102.29098481058658,152.82789216401602,129.03915784477448,North AmericaNorth AmericaNorth AmericaNorth AmericaNorth AmericaNorth AmericaNorth America,United StatesUnited StatesUnited StatesUnited StatesUnited StatesUnited StatesUnited States,1859.3799999999999,9.450000000000001,2368028992
2022-09-05,100.627570602338,147.09254141492008,127.59971560891887,North AmericaNorth AmericaNorth AmericaNorth AmericaNorth AmericaNorth AmericaNorth America,United StatesUnited StatesUnited StatesUnited StatesUnited StatesUnited StatesUnited States,1761.97,9.33,2368028992
2022-09-12,104.49644510621027,154.34471480351374,134.11294355780407,North AmericaNorth AmericaNorth AmericaNorth AmericaNorth AmericaNorth AmericaNorth America,United StatesUnited StatesUnited StatesUnited StatesUnited StatesUnited StatesUnited States,1589.84,8.65,2368028992
2022-09-19,98.0121486401027,143.670795362652,129.41002163009142,North AmericaNorth AmericaNorth AmericaNorth AmericaNorth AmericaNorth AmericaNorth America,United StatesUnited StatesUnited StatesUnited StatesUnited StatesUnited StatesUnited States,1280.5,7.92,2368028992
2022-09-26,90.48284259359765,136.38957529104744,124.5927532537584,North AmericaNorth AmericaNorth AmericaNorth AmericaNorth AmericaNorth AmericaNorth America,United StatesUnited StatesUnited StatesUnited StatesUnited StatesUnited StatesUnited States,1159.46,8.309999999999999,2368028992
2022-10-03,92.20596468231308,135.9234158899221,126.68365387317677,North AmericaNorth AmericaNorth AmericaNorth AmericaNorth AmericaNorth AmericaNorth America,United StatesUnited StatesUnited StatesUnited StatesUnited StatesUnited StatesUnited States,1039.8899999999999,8.149999999999999,2368028992
2022-10-10,91.02598004398487,131.7944195013468,124.88997184521722,North AmericaNorth AmericaNorth AmericaNorth AmericaNorth AmericaNorth AmericaNorth America,United StatesUnited StatesUnited StatesUnited StatesUnited StatesUnited StatesUnited States,906.57,8.39,2368028992
2022-10-17,92.33707572525496,133.59252356403493,129.0307842169524,North AmericaNorth AmericaNorth AmericaNorth AmericaNorth AmericaNorth AmericaNorth America,United StatesUnited StatesUnited StatesUnited StatesUnited StatesUnited StatesUnited States,797.02,7.25,2368028992
2022-10-24,94.58461986351473,139.91919788174118,132.19787268765842,North AmericaNorth AmericaNorth AmericaNorth AmericaNorth AmericaNorth AmericaNorth America,United StatesUnited StatesUnited StatesUnited StatesUnited StatesUnited StatesUnited States,762.91,7.2299999999999995,2368028992
2022-10-31,90.29552635553185,141.92820235347457,136.0619280315039,North AmericaNorth AmericaNorth AmericaNorth AmericaNorth AmericaNorth AmericaNorth America,United StatesUnited StatesUnited StatesUnited StatesUnited StatesUnited StatesUnited States,806.86,8.78,2368028992
2022-11-07,87.16770945910869,136.53388149993188,135.50847149819242,North AmericaNorth AmericaNorth AmericaNorth AmericaNorth AmericaNorth AmericaNorth America,United StatesUnited StatesUnited StatesUnited StatesUnited StatesUnited StatesUnited States,757.27,8.51,2368028992
2022-11-14,93.31102135060007,146.51226633104693,136.57441213270468,North AmericaNorth AmericaNorth AmericaNorth AmericaNorth AmericaNorth AmericaNorth America,United StatesUnited StatesUnited StatesUnited StatesUnited StatesUnited StatesUnited States,795.71,7.07,2368028992
2022-11-21,91.9999330434044,145.03602412607785,137.98884031253436,North AmericaNorth AmericaNorth AmericaNorth AmericaNorth AmericaNorth AmericaNorth America,United StatesUnited StatesUnited StatesUnited StatesUnited StatesUnited StatesUnited States,821.6899999999999,6.64,2368028992
2022-11-28,92.52436984109754,145.11376213123623,139.5160125293796,North AmericaNorth AmericaNorth AmericaNorth AmericaNorth AmericaNorth AmericaNorth America,United StatesUnited StatesUnited StatesUnited StatesUnited StatesUnited StatesUnited States,826.22,6.800000000000001,2368028992
2022-12-05,95.74585960470242,147.74428936319478,141.893876305986,North AmericaNorth AmericaNorth AmericaNorth AmericaNorth AmericaNorth AmericaNorth America,United StatesUnited StatesUnited StatesUnited StatesUnited StatesUnited StatesUnited States,880.94,6.98,2368028992
2022-12-12,93.32975149959178,148.47686889235433,142.92905063768586,North AmericaNorth AmericaNorth AmericaNorth AmericaNorth AmericaNorth AmericaNorth America,United StatesUnited StatesUnited StatesUnited StatesUnited StatesUnited StatesUnited States,1019.53,6.24,2368028992
2022-12-19,87.88924051753024,139.60856648380198,138.3925822969839,North AmericaNorth AmericaNorth AmericaNorth AmericaNorth AmericaNorth AmericaNorth America,United StatesUnited StatesUnited StatesUnited StatesUnited StatesUnited StatesUnited States,1339.82,8.57,2368028992
2022-12-26,89.74803082717058,138.6958056659056,140.07015111481007,North AmericaNorth AmericaNorth AmericaNorth AmericaNorth AmericaNorth AmericaNorth America,United StatesUnited StatesUnited StatesUnited StatesUnited StatesUnited StatesUnited States,1357.78,8.09,2368028992
2023-01-02,90.10475905064396,138.51769542646457,139.81282846356336,North AmericaNorth AmericaNorth AmericaNorth AmericaNorth America,United StatesUnited StatesUnited StatesUnited StatesUnited States,1062.45,6.35,1691449280
